﻿{
    "ver":"5.0",
    "tag":"appnetctrl",
    "data":[
        {
            "procname":"*\\Tencent\\*maLauncher*",
            "block":true
        },
        {
            "procname":"*\\Tencent\\*maUpdat*",
            "block":true
        },
        {
            "procname":"*\\Tencent\\*QMDesktopAnimation*",
            "block":true
        },
        {
            "procname":"*\\Tencent\\*QQExternal*",
            "block":true
        },
        {
            "procname":"*\\Tencent\\*QQMusicExternal*",
            "block":true
        },
        {
            "procname":"*\\Tencent\\*QQMusicService*",
            "block":true
        },
        {
            "procname":"*\\Tencent\\*QQMusicSvr*",
            "block":true
        },
        {
            "procname":"*\\Tencent\\*QQPcmgrDownload*",
            "block":true
        },
        {
            "procname":"*\\Tencent\\*Tencentdl*",
            "block":true
        },
        {
            "procname":"*\\Thunder*\\*xlbrowser*",
            "block":true
        },
        {
            "procname":"*\\Thunder*\\*XLServicePlatform*",
            "block":true
        }
    ]
}