﻿{
    "ver":"5.0",
    "tag":"hipsuser_auto",
    "data":{
        "*svchost*":[
            {
                "res_path":"*\\User Data\\Default\\History",
                "montype":1,
                "action_type":6,
                "treatment":0
            }
        ],
        "*cmimageworker*":[
            {
                "res_path":"*\\User Data\\Default\\History",
                "montype":1,
                "action_type":6,
                "treatment":0
            }
        ],
        "*vmwp*":[
            {
                "res_path":"*\\User Data\\Default\\History",
                "montype":1,
                "action_type":6,
                "treatment":0
            }
        ],
        "*OfficeClickToRun*":[
            {
                "res_path":"*\\Desktop\\NameSpace\\*",
                "montype":2,
                "action_type":5,
                "treatment":0
            },
            {
                "res_path":"*\\MyComputer\\NameSpace\\*",
                "montype":2,
                "action_type":5,
                "treatment":0
            }
        ],
        "*":[
            {
                "res_path":"*\\Thunder*\\*XmpPlugin*",
                "montype":1,
                "action_type":5,
                "treatment":0
            },
            {
                "res_path":"*\\Thunder*\\*ThunderPanPlugin*",
                "montype":1,
                "action_type":5,
                "treatment":0
            }
        ],
        "*msedge*":[
            {
                "res_path":"*\\User Data\\Default\\History",
                "montype":1,
                "action_type":6,
                "treatment":0
            }
        ]
    }
}