﻿{
    "ver":"5.0",
    "tag":"hipsuser",
    "data":[
        {
            "id":1,
            "power":1,
            "name":"阻止 QQ 下载流氓软件",
            "procname":"*QQ*",
            "treatment":3,
            "policies":[
                {
                    "montype":1,
                    "action_type":5,
                    "res_path":"*\\Local\\Temp\\>QQ>.exe"
                },
                {
                    "montype":1,
                    "action_type":5,
                    "res_path":"*\\QQ\\Temp\\Setup\\>"
                }
            ]
        },
        {
            "id":2,
            "power":1,
            "name":"阻止微软流氓行为",
            "procname":"*",
            "treatment":3,
            "policies":[
                {
                    "montype":1,
                    "action_type":5,
                    "res_path":"*\\Microsoft\\>Teams>"
                },
                {
                    "montype":2,
                    "action_type":5,
                    "res_path":"*\\Microsoft\\>Teams>"
                },
                {
                    "montype":1,
                    "action_type":5,
                    "res_path":"*\\Program Files>\\>Microsoft Teams>"
                },
                {
                    "montype":2,
                    "action_type":5,
                    "res_path":"*\\Program Files>\\>Microsoft Teams>"
                },
                {
                    "montype":1,
                    "action_type":5,
                    "res_path":"*\\Local\\>Microsoft Teams>"
                },
                {
                    "montype":2,
                    "action_type":5,
                    "res_path":"*\\Local\\>Microsoft Teams>"
                },
                {
                    "montype":1,
                    "action_type":5,
                    "res_path":"*\\LocalLow\\>Microsoft Teams>"
                },
                {
                    "montype":2,
                    "action_type":5,
                    "res_path":"*\\LocalLow\\>Microsoft Teams>"
                },
                {
                    "montype":1,
                    "action_type":5,
                    "res_path":"*\\Roaming\\>Microsoft Teams>"
                },
                {
                    "montype":2,
                    "action_type":5,
                    "res_path":"*\\Roaming\\>Microsoft Teams>"
                },
                {
                    "montype":1,
                    "action_type":5,
                    "res_path":"*\\ProgramData\\>Microsoft Teams>"
                },
                {
                    "montype":2,
                    "action_type":5,
                    "res_path":"*\\ProgramData\\>Microsoft Teams>"
                },
                {
                    "montype":0,
                    "action_type":16,
                    "res_path":"*\\Windows\\*OneDriveSetup*"
                },
                {
                    "montype":0,
                    "action_type":16,
                    "res_path":"*\\Windows\\*XblGameSave*"
                }
            ]
        },
        {
            "id":3,
            "power":1,
            "name":"阻止搜狗录音助手弹窗",
            "procname":"*SogouCloud*",
            "treatment":3,
            "policies":[
                {
                    "montype":0,
                    "action_type":16,
                    "res_path":"*\\SogouInput\\*SGTool*"
                }
            ]
        },
        {
            "id":4,
            "power":1,
            "name":"阻止搜狗拼音输入法安装组件",
            "procname":"*",
            "treatment":3,
            "policies":[
                {
                    "montype":1,
                    "action_type":5,
                    "res_path":"*\\SogouInput\\*AppBox*"
                },
                {
                    "montype":2,
                    "action_type":5,
                    "res_path":"*\\SogouInput\\*AppBox*"
                },
                {
                    "montype":1,
                    "action_type":5,
                    "res_path":"*\\SogouInput\\*HandInput*"
                },
                {
                    "montype":2,
                    "action_type":5,
                    "res_path":"*\\SogouInput\\*HandInput*"
                },
                {
                    "montype":1,
                    "action_type":5,
                    "res_path":"*\\SogouInput\\*MobileInput*"
                },
                {
                    "montype":2,
                    "action_type":5,
                    "res_path":"*\\SogouInput\\*MobileInput*"
                },
                {
                    "montype":1,
                    "action_type":5,
                    "res_path":"*\\SogouInput\\*ScreenCapture*"
                },
                {
                    "montype":2,
                    "action_type":5,
                    "res_path":"*\\SogouInput\\*ScreenCapture*"
                },
                {
                    "montype":1,
                    "action_type":5,
                    "res_path":"*\\SogouInput\\*SGDictation*"
                },
                {
                    "montype":2,
                    "action_type":5,
                    "res_path":"*\\SogouInput\\*SGDictation*"
                },
                {
                    "montype":1,
                    "action_type":5,
                    "res_path":"*\\SogouInput\\*SGMouseInput*"
                },
                {
                    "montype":2,
                    "action_type":5,
                    "res_path":"*\\SogouInput\\*SGMouseInput*"
                },
                {
                    "montype":1,
                    "action_type":5,
                    "res_path":"*\\SogouInput\\*SkinBox*"
                },
                {
                    "montype":2,
                    "action_type":5,
                    "res_path":"*\\SogouInput\\*SkinBox*"
                },
                {
                    "montype":1,
                    "action_type":5,
                    "res_path":"*\\SogouInput\\*Flash*"
                },
                {
                    "montype":2,
                    "action_type":5,
                    "res_path":"*\\SogouInput\\*Flash*"
                },
                {
                    "montype":1,
                    "action_type":5,
                    "res_path":"*\\SogouInput\\*VoiceInput*"
                },
                {
                    "montype":2,
                    "action_type":5,
                    "res_path":"*\\SogouInput\\*VoiceInput*"
                },
                {
                    "montype":1,
                    "action_type":5,
                    "res_path":"*\\SogouInput\\*AllSkin*"
                },
                {
                    "montype":2,
                    "action_type":5,
                    "res_path":"*\\SogouInput\\*AllSkin*"
                },
                {
                    "montype":1,
                    "action_type":5,
                    "res_path":"*\\SogouInput\\*SGKaomoji*"
                },
                {
                    "montype":2,
                    "action_type":5,
                    "res_path":"*\\SogouInput\\*SGKaomoji*"
                },
                {
                    "montype":1,
                    "action_type":5,
                    "res_path":"*\\SogouInput\\*SGMedalLoader*"
                },
                {
                    "montype":2,
                    "action_type":5,
                    "res_path":"*\\SogouInput\\*SGMedalLoader*"
                },
                {
                    "montype":1,
                    "action_type":5,
                    "res_path":"*\\SogouInput\\*SGSmartAssistant*"
                },
                {
                    "montype":2,
                    "action_type":5,
                    "res_path":"*\\SogouInput\\*SGSmartAssistant*"
                },
                {
                    "montype":1,
                    "action_type":5,
                    "res_path":"*\\SogouInput\\*.url*"
                },
                {
                    "montype":2,
                    "action_type":5,
                    "res_path":"*\\SogouInput\\*.url*"
                },
                {
                    "montype":1,
                    "action_type":5,
                    "res_path":"*\\SogouInput\\*SogouToolkits*"
                },
                {
                    "montype":2,
                    "action_type":5,
                    "res_path":"*\\SogouInput\\*SogouToolkits*"
                },
                {
                    "montype":1,
                    "action_type":5,
                    "res_path":"*\\SogouInput\\SogouExe\\*SogouExe*"
                },
                {
                    "montype":2,
                    "action_type":5,
                    "res_path":"*\\SogouInput\\SogouExe\\*SogouExe*"
                },
                {
                    "montype":1,
                    "action_type":5,
                    "res_path":"*\\ProgramData\\*SGAIAssistant*"
                },
                {
                    "montype":2,
                    "action_type":5,
                    "res_path":"*\\ProgramData\\*SGAIAssistant*"
                },
                {
                    "montype":1,
                    "action_type":5,
                    "res_path":"*\\SogouInput\\*UrlGuideIcon*"
                },
                {
                    "montype":2,
                    "action_type":5,
                    "res_path":"*\\SogouInput\\*UrlGuideIcon*"
                },
                {
                    "montype":1,
                    "action_type":5,
                    "res_path":"*\\SogouPY\\*SGMouseInput*"
                },
                {
                    "montype":2,
                    "action_type":5,
                    "res_path":"*\\SogouPY\\*SGMouseInput*"
                },
                {
                    "montype":1,
                    "action_type":5,
                    "res_path":"*\\SogouPY\\*SkinBox*"
                },
                {
                    "montype":2,
                    "action_type":5,
                    "res_path":"*\\SogouPY\\*SkinBox*"
                },
                {
                    "montype":1,
                    "action_type":5,
                    "res_path":"*\\SogouPY\\*Flash*"
                },
                {
                    "montype":2,
                    "action_type":5,
                    "res_path":"*\\SogouPY\\*Flash*"
                },
                {
                    "montype":1,
                    "action_type":5,
                    "res_path":"*\\SogouPY\\*SGKaomoji*"
                },
                {
                    "montype":2,
                    "action_type":5,
                    "res_path":"*\\SogouPY\\*SGKaomoji*"
                },
                {
                    "montype":1,
                    "action_type":5,
                    "res_path":"*\\SogouPY\\*SGMobileInput*"
                },
                {
                    "montype":2,
                    "action_type":5,
                    "res_path":"*\\SogouPY\\*SGMobileInput*"
                },
                {
                    "montype":1,
                    "action_type":5,
                    "res_path":"*\\Roaming\\*SogouPen*"
                },
                {
                    "montype":2,
                    "action_type":5,
                    "res_path":"*\\Roaming\\*SogouPen*"
                },
                {
                    "montype":1,
                    "action_type":5,
                    "res_path":"*\\搜狗输入法\\*链接*"
                },
                {
                    "montype":2,
                    "action_type":5,
                    "res_path":"*\\搜狗输入法\\*链接*"
                },
                {
                    "montype":1,
                    "action_type":5,
                    "res_path":"*\\IME\\*SogouPY*"
                },
                {
                    "montype":2,
                    "action_type":5,
                    "res_path":"*\\IME\\*SogouPY*"
                },
                {
                    "montype":1,
                    "action_type":5,
                    "res_path":"*\\SogouPY\\*60393.scel*"
                },
                {
                    "montype":2,
                    "action_type":5,
                    "res_path":"*\\SogouPY\\*60393.scel*"
                },
                {
                    "montype":1,
                    "action_type":5,
                    "res_path":"*\\搜狗输入法\\*皮肤*"
                },
                {
                    "montype":2,
                    "action_type":5,
                    "res_path":"*\\搜狗输入法\\*皮肤*"
                }
            ]
        },
        {
            "id":5,
            "power":1,
            "name":"阻止流氓软件自动安装",
            "procname":"*",
            "treatment":3,
            "policies":[
                {
                    "montype":1,
                    "action_type":5,
                    "res_path":"*\\Tencent\\>QQLive>"
                },
                {
                    "montype":2,
                    "action_type":5,
                    "res_path":"*\\Tencent\\>QQLive>"
                },
                {
                    "montype":1,
                    "action_type":5,
                    "res_path":"*\\Tencent\\>Config>"
                },
                {
                    "montype":2,
                    "action_type":5,
                    "res_path":"*\\Tencent\\>Config>"
                },
                {
                    "montype":1,
                    "action_type":5,
                    "res_path":"*\\Tencent\\>OMGCACHE>"
                },
                {
                    "montype":2,
                    "action_type":5,
                    "res_path":"*\\Tencent\\>OMGCACHE>"
                },
                {
                    "montype":1,
                    "action_type":5,
                    "res_path":"*\\Tencent\\>QQBrowser>"
                },
                {
                    "montype":2,
                    "action_type":5,
                    "res_path":"*\\Tencent\\>QQBrowser>"
                },
                {
                    "montype":1,
                    "action_type":5,
                    "res_path":"*\\Tencent\\>QQPCMgr>"
                },
                {
                    "montype":2,
                    "action_type":5,
                    "res_path":"*\\Tencent\\>QQPCMgr>"
                },
                {
                    "montype":1,
                    "action_type":5,
                    "res_path":"*\\Tencent\\>DeskUpdate>"
                },
                {
                    "montype":2,
                    "action_type":5,
                    "res_path":"*\\Tencent\\>DeskUpdate>"
                },
                {
                    "montype":1,
                    "action_type":5,
                    "res_path":"*\\Tencent\\>QMDownload>"
                },
                {
                    "montype":2,
                    "action_type":5,
                    "res_path":"*\\Tencent\\>QMDownload>"
                },
                {
                    "montype":1,
                    "action_type":5,
                    "res_path":"*\\Tencent\\>QQPhoneManager>"
                },
                {
                    "montype":2,
                    "action_type":5,
                    "res_path":"*\\Tencent\\>QQPhoneManager>"
                },
                {
                    "montype":1,
                    "action_type":5,
                    "res_path":"*\\Program Files>\\>2345>"
                },
                {
                    "montype":2,
                    "action_type":5,
                    "res_path":"*\\Program Files>\\>2345>"
                },
                {
                    "montype":1,
                    "action_type":5,
                    "res_path":"*\\Local\\>2345>"
                },
                {
                    "montype":2,
                    "action_type":5,
                    "res_path":"*\\Local\\>2345>"
                },
                {
                    "montype":1,
                    "action_type":5,
                    "res_path":"*\\LocalLow\\>2345>"
                },
                {
                    "montype":2,
                    "action_type":5,
                    "res_path":"*\\LocalLow\\>2345>"
                },
                {
                    "montype":1,
                    "action_type":5,
                    "res_path":"*\\Roaming\\>2345>"
                },
                {
                    "montype":2,
                    "action_type":5,
                    "res_path":"*\\Roaming\\>2345>"
                },
                {
                    "montype":1,
                    "action_type":5,
                    "res_path":"*\\ProgramData\\>2345>"
                },
                {
                    "montype":2,
                    "action_type":5,
                    "res_path":"*\\ProgramData\\>2345>"
                },
                {
                    "montype":1,
                    "action_type":5,
                    "res_path":"C:\\>2345>"
                },
                {
                    "montype":2,
                    "action_type":5,
                    "res_path":"C:\\>2345>"
                },
                {
                    "montype":1,
                    "action_type":5,
                    "res_path":"*kingsoft antivirus*"
                },
                {
                    "montype":2,
                    "action_type":5,
                    "res_path":"*kingsoft antivirus*"
                },
                {
                    "montype":1,
                    "action_type":5,
                    "res_path":"*\\Kingsoft\\*KIS*"
                },
                {
                    "montype":2,
                    "action_type":5,
                    "res_path":"*\\Kingsoft\\*KIS*"
                },
                {
                    "montype":1,
                    "action_type":5,
                    "res_path":"C:\\>360>"
                },
                {
                    "montype":2,
                    "action_type":5,
                    "res_path":"C:\\>360>"
                },
                {
                    "montype":1,
                    "action_type":5,
                    "res_path":"*\\Program Files>\\>360>"
                },
                {
                    "montype":2,
                    "action_type":5,
                    "res_path":"*\\Program Files>\\>360>"
                },
                {
                    "montype":1,
                    "action_type":5,
                    "res_path":"*\\Local\\>360>"
                },
                {
                    "montype":2,
                    "action_type":5,
                    "res_path":"*\\Local\\>360>"
                },
                {
                    "montype":1,
                    "action_type":5,
                    "res_path":"*\\LocalLow\\>360>"
                },
                {
                    "montype":2,
                    "action_type":5,
                    "res_path":"*\\LocalLow\\>360>"
                },
                {
                    "montype":1,
                    "action_type":5,
                    "res_path":"*\\Roaming\\>360>"
                },
                {
                    "montype":2,
                    "action_type":5,
                    "res_path":"*\\Roaming\\>360>"
                },
                {
                    "montype":1,
                    "action_type":5,
                    "res_path":"*\\ProgramData\\>360>"
                },
                {
                    "montype":2,
                    "action_type":5,
                    "res_path":"*\\ProgramData\\>360>"
                },
                {
                    "montype":1,
                    "action_type":5,
                    "res_path":"*\\Program Files>\\>Baidu>"
                },
                {
                    "montype":2,
                    "action_type":5,
                    "res_path":"*\\Program Files>\\>Baidu>"
                },
                {
                    "montype":1,
                    "action_type":5,
                    "res_path":"*\\Local\\>Baidu>"
                },
                {
                    "montype":2,
                    "action_type":5,
                    "res_path":"*\\Local\\>Baidu>"
                },
                {
                    "montype":1,
                    "action_type":5,
                    "res_path":"*\\LocalLow\\>Baidu>"
                },
                {
                    "montype":2,
                    "action_type":5,
                    "res_path":"*\\LocalLow\\>Baidu>"
                },
                {
                    "montype":1,
                    "action_type":5,
                    "res_path":"*\\Roaming\\>Baidu>"
                },
                {
                    "montype":2,
                    "action_type":5,
                    "res_path":"*\\Roaming\\>Baidu>"
                },
                {
                    "montype":1,
                    "action_type":5,
                    "res_path":"*\\ProgramData\\>Baidu>"
                },
                {
                    "montype":2,
                    "action_type":5,
                    "res_path":"*\\ProgramData\\>Baidu>"
                }
            ]
        },
        {
            "id":7,
            "power":1,
            "name":"阻止程序在此电脑和控制面板创建快捷方式",
            "procname":"*",
            "treatment":3,
            "policies":[
                {
                    "montype":2,
                    "action_type":5,
                    "res_path":"*\\MyComputer\\NameSpace\\*"
                },
                {
                    "montype":2,
                    "action_type":5,
                    "res_path":"*\\Desktop\\NameSpace\\*"
                },
                {
                    "montype":2,
                    "action_type":5,
                    "res_path":"*\\ControlPanel\\NameSpace\\*"
                }
            ]
        },
        {
            "id":8,
            "power":1,
            "name":"阻止程序自动创建服务",
            "procname":"*services*",
            "treatment":3,
            "policies":[
                {
                    "montype":2,
                    "action_type":5,
                    "res_path":"*\\Services\\>Alibaba>"
                },
                {
                    "montype":2,
                    "action_type":5,
                    "res_path":"*\\Services\\>pcas>"
                },
                {
                    "montype":2,
                    "action_type":5,
                    "res_path":"*\\Services\\>secbizsrv>"
                },
                {
                    "montype":2,
                    "action_type":5,
                    "res_path":"*\\Services\\>QQMusic>"
                },
                {
                    "montype":2,
                    "action_type":5,
                    "res_path":"*\\Services\\>wwbizsrv>"
                },
                {
                    "montype":2,
                    "action_type":5,
                    "res_path":"*\\Services\\>SogouSvc>"
                },
                {
                    "montype":2,
                    "action_type":5,
                    "res_path":"*\\Services\\>XLService>"
                },
                {
                    "montype":2,
                    "action_type":5,
                    "res_path":"*\\Services\\>edgeupdate>"
                },
                {
                    "montype":2,
                    "action_type":5,
                    "res_path":"*\\Services\\>MicrosoftEdge>"
                }
            ]
        },
        {
            "id":9,
            "power":1,
            "name":"阻止程序自动创建计划任务",
            "procname":"*svchost*",
            "treatment":3,
            "policies":[
                {
                    "montype":2,
                    "action_type":5,
                    "res_path":"*\\TaskCache\\Tree\\*Office*"
                },
                {
                    "montype":1,
                    "action_type":5,
                    "res_path":"*\\Windows\\Tasks\\*Office*"
                },
                {
                    "montype":1,
                    "action_type":5,
                    "res_path":"*\\System32\\Tasks\\*Office*"
                },
                {
                    "montype":1,
                    "action_type":5,
                    "res_path":"*\\SysWOW64\\Tasks\\*Office*"
                },
                {
                    "montype":2,
                    "action_type":5,
                    "res_path":"*\\TaskCache\\Tree\\*MicrosoftEdge*"
                },
                {
                    "montype":1,
                    "action_type":5,
                    "res_path":"*\\Windows\\Tasks\\*MicrosoftEdge*"
                },
                {
                    "montype":1,
                    "action_type":5,
                    "res_path":"*\\System32\\Tasks\\*MicrosoftEdge*"
                },
                {
                    "montype":1,
                    "action_type":5,
                    "res_path":"*\\SysWOW64\\Tasks\\*MicrosoftEdge*"
                },
                {
                    "montype":2,
                    "action_type":5,
                    "res_path":"*\\TaskCache\\Tree\\*SogouImeMgr*"
                },
                {
                    "montype":1,
                    "action_type":5,
                    "res_path":"*\\Windows\\Tasks\\*SogouImeMgr*"
                },
                {
                    "montype":1,
                    "action_type":5,
                    "res_path":"*\\System32\\Tasks\\*SogouImeMgr*"
                },
                {
                    "montype":1,
                    "action_type":5,
                    "res_path":"*\\SysWOW64\\Tasks\\*SogouImeMgr*"
                },
                {
                    "montype":2,
                    "action_type":5,
                    "res_path":"*\\TaskCache\\Tree\\*AliUpdater*"
                },
                {
                    "montype":1,
                    "action_type":5,
                    "res_path":"*\\System32\\Tasks\\*AliUpdater*"
                },
                {
                    "montype":1,
                    "action_type":5,
                    "res_path":"*\\SysWOW64\\Tasks\\*AliUpdater*"
                },
                {
                    "montype":1,
                    "action_type":5,
                    "res_path":"*\\Windows\\Tasks\\*AliUpdater*"
                },
                {
                    "montype":2,
                    "action_type":5,
                    "res_path":"*\\TaskCache\\Tree\\*MySQL*"
                },
                {
                    "montype":1,
                    "action_type":5,
                    "res_path":"*\\Windows\\Tasks\\*MySQL*"
                },
                {
                    "montype":1,
                    "action_type":5,
                    "res_path":"*\\System32\\Tasks\\*MySQL*"
                },
                {
                    "montype":1,
                    "action_type":5,
                    "res_path":"*\\SysWOW64\\Tasks\\*MySQL*"
                },
                {
                    "montype":2,
                    "action_type":5,
                    "res_path":"*\\TaskCache\\Tree\\*XblGame*"
                },
                {
                    "montype":1,
                    "action_type":5,
                    "res_path":"*\\Windows\\Tasks\\*XblGame*"
                },
                {
                    "montype":1,
                    "action_type":5,
                    "res_path":"*\\System32\\Tasks\\*XblGame*"
                },
                {
                    "montype":1,
                    "action_type":5,
                    "res_path":"*\\SysWOW64\\Tasks\\*XblGame*"
                }
            ]
        },
        {
            "id":10,
            "power":1,
            "name":"阻止程序自动添加右键菜单",
            "procname":"*",
            "treatment":3,
            "policies":[
                {
                    "montype":2,
                    "action_type":5,
                    "res_path":"*\\shell\\>QQMusic>"
                },
                {
                    "montype":2,
                    "action_type":5,
                    "res_path":"*\\shell\\>XMP>"
                },
                {
                    "montype":2,
                    "action_type":5,
                    "res_path":"*\\shell\\>Thunder>"
                },
                {
                    "montype":2,
                    "action_type":5,
                    "res_path":"*\\ContextMenuHandlers\\>WinRAR32>"
                },
                {
                    "montype":2,
                    "action_type":5,
                    "res_path":"*\\Internet Explorer\\MenuExt\\*"
                },
                {
                    "montype":2,
                    "action_type":5,
                    "res_path":"*\\ContextMenuHandlers\\>MiDrop>"
                },
                {
                    "montype":2,
                    "action_type":5,
                    "res_path":"*\\DragDropHandlers\\>WinRAR32>"
                }
            ]
        },
        {
            "id":11,
            "power":1,
            "name":"阻止程序读取浏览器历史记录",
            "procname":"*",
            "treatment":1,
            "policies":[
                {
                    "montype":1,
                    "action_type":6,
                    "res_path":"*\\User Data\\Default\\History"
                }
            ]
        },
        {
            "id":12,
            "power":1,
            "name":"阻止第三方程序关联系统自动添加的无用右键菜单",
            "procname":"*Program Files (x86)*",
            "treatment":3,
            "policies":[
                {
                    "montype":2,
                    "action_type":2,
                    "res_path":"*\\PackagedCom\\ClassIndex\\*"
                },
                {
                    "montype":2,
                    "action_type":2,
                    "res_path":"*\\shell\\>print>"
                }
            ]
        },
        {
            "id":6,
            "power":1,
            "name":"阻止第三方程序在到任务栏和快速启动栏创建快捷方式",
            "procname":"*Program Files*",
            "treatment":3,
            "policies":[
                {
                    "montype":1,
                    "action_type":5,
                    "res_path":"*\\Internet Explorer\\Quick Launch\\>"
                },
                {
                    "montype":1,
                    "action_type":5,
                    "res_path":"*\\User Pinned\\TaskBar\\>"
                },
                {
                    "montype":1,
                    "action_type":5,
                    "res_path":"*\\User Pinned\\ImplicitAppShortcuts\\>"
                }
            ]
        },
        {
            "id":13,
            "power":1,
            "name":"阻止系统自动添加无用右键菜单",
            "procname":"*explorer*",
            "treatment":3,
            "policies":[
                {
                    "montype":2,
                    "action_type":2,
                    "res_path":"*\\PackagedCom\\ClassIndex\\*"
                },
                {
                    "montype":2,
                    "action_type":2,
                    "res_path":"*\\shell\\>print>"
                }
            ]
        },
        {
            "id":14,
            "power":1,
            "name":"阻止腾讯流氓行为",
            "procname":"*",
            "treatment":3,
            "policies":[
                {
                    "montype":0,
                    "action_type":16,
                    "res_path":"*\\QQ\\Bin\\ma*.exe"
                },
                {
                    "montype":0,
                    "action_type":16,
                    "res_path":"*\\Tencent\\*Tencentdl*"
                },
                {
                    "montype":0,
                    "action_type":16,
                    "res_path":"*\\Tencent\\*QMDesktop*"
                },
                {
                    "montype":0,
                    "action_type":16,
                    "res_path":"*\\Tencent\\*QQMusicExternal*"
                },
                {
                    "montype":0,
                    "action_type":16,
                    "res_path":"*\\Tencent\\*QQMusicService*"
                },
                {
                    "montype":0,
                    "action_type":16,
                    "res_path":"*\\Tencent\\*QQMusicSvr*"
                },
                {
                    "montype":1,
                    "action_type":5,
                    "res_path":"*\\QQ\\Bin\\*QQLive*"
                },
                {
                    "montype":2,
                    "action_type":5,
                    "res_path":"*\\QQ\\Bin\\*QQLive*"
                },
                {
                    "montype":1,
                    "action_type":5,
                    "res_path":"*\\Tencent\\*SetupEx*"
                },
                {
                    "montype":2,
                    "action_type":5,
                    "res_path":"*\\Tencent\\*SetupEx*"
                },
                {
                    "montype":1,
                    "action_type":5,
                    "res_path":"*\\Tencent\\>Qzone>"
                },
                {
                    "montype":2,
                    "action_type":5,
                    "res_path":"*\\Tencent\\>Qzone>"
                },
                {
                    "montype":1,
                    "action_type":5,
                    "res_path":"*\\Program Files>\\>QQMail>"
                },
                {
                    "montype":2,
                    "action_type":5,
                    "res_path":"*\\Program Files>\\>QQMail>"
                },
                {
                    "montype":1,
                    "action_type":5,
                    "res_path":"*\\LocalLow\\>TENCENT>"
                },
                {
                    "montype":2,
                    "action_type":5,
                    "res_path":"\\LocalLow\\>TENCENT>"
                },
                {
                    "montype":0,
                    "action_type":16,
                    "res_path":"*\\Tencent\\*QQPcmgrDownload*"
                },
                {
                    "montype":1,
                    "action_type":5,
                    "res_path":"*\\Tencent\\*QQPhoneAssistant*"
                },
                {
                    "montype":2,
                    "action_type":5,
                    "res_path":"*\\Tencent\\*QQPhoneAssistant*"
                },
                {
                    "montype":1,
                    "action_type":5,
                    "res_path":"*\\Tencent\\*QzoneMusic*"
                },
                {
                    "montype":2,
                    "action_type":5,
                    "res_path":"*\\Tencent\\*QzoneMusic*"
                },
                {
                    "montype":1,
                    "action_type":5,
                    "res_path":"*\\Tencent\\QQMusic\\>QQMusic1>"
                },
                {
                    "montype":2,
                    "action_type":5,
                    "res_path":"*\\Tencent\\QQMusic\\>QQMusic1>"
                },
                {
                    "montype":1,
                    "action_type":5,
                    "res_path":"*\\Tencent\\QQMusic\\>QQMusic2>"
                },
                {
                    "montype":2,
                    "action_type":5,
                    "res_path":"*\\Tencent\\QQMusic\\>QQMusic2>"
                },
                {
                    "montype":1,
                    "action_type":5,
                    "res_path":"*\\Program Files\\>Tencent>"
                },
                {
                    "montype":2,
                    "action_type":5,
                    "res_path":"*\\Program Files\\>Tencent>"
                },
                {
                    "montype":1,
                    "action_type":5,
                    "res_path":"*\\Tencent\\*QQGuild*"
                },
                {
                    "montype":2,
                    "action_type":5,
                    "res_path":"*\\Tencent\\*QQGuild*"
                },
                {
                    "montype":1,
                    "action_type":5,
                    "res_path":"*\\Local\\*qq_guild*"
                },
                {
                    "montype":2,
                    "action_type":5,
                    "res_path":"*\\Local\\*qq_guild*"
                },
                {
                    "montype":1,
                    "action_type":5,
                    "res_path":"*\\Tencent\\>minibrowser>"
                },
                {
                    "montype":2,
                    "action_type":5,
                    "res_path":"*\\Tencent\\>minibrowser>"
                },
                {
                    "montype":0,
                    "action_type":16,
                    "res_path":"*\\Tencent\\*minibrowser*"
                }
            ]
        },
        {
            "id":15,
            "power":1,
            "name":"阻止迅雷流氓行为",
            "procname":"*",
            "treatment":3,
            "policies":[
                {
                    "montype":1,
                    "action_type":5,
                    "res_path":"*\\Thunder*\\*XMP*"
                },
                {
                    "montype":2,
                    "action_type":5,
                    "res_path":"*\\Thunder*\\*XMP*"
                },
                {
                    "montype":1,
                    "action_type":5,
                    "res_path":"*\\Thunder*\\*Flash*"
                },
                {
                    "montype":2,
                    "action_type":5,
                    "res_path":"*\\Thunder*\\*Flash*"
                },
                {
                    "montype":1,
                    "action_type":5,
                    "res_path":"*\\Thunder*\\*holiday*"
                },
                {
                    "montype":2,
                    "action_type":5,
                    "res_path":"*\\Thunder*\\*holiday*"
                },
                {
                    "montype":1,
                    "action_type":5,
                    "res_path":"*\\Thunder*\\*hotfix*"
                },
                {
                    "montype":2,
                    "action_type":5,
                    "res_path":"*\\Thunder*\\*hotfix*"
                },
                {
                    "montype":1,
                    "action_type":5,
                    "res_path":"*\\Thunder*\\*KuaiNiao*"
                },
                {
                    "montype":2,
                    "action_type":5,
                    "res_path":"*\\Thunder*\\*KuaiNiao*"
                },
                {
                    "montype":1,
                    "action_type":2,
                    "res_path":"*\\Thunder*\\*LoginNotify*"
                },
                {
                    "montype":1,
                    "action_type":5,
                    "res_path":"*\\Thunder*\\*pc-node*"
                },
                {
                    "montype":2,
                    "action_type":5,
                    "res_path":"*\\Thunder*\\*pc-node*"
                },
                {
                    "montype":1,
                    "action_type":2,
                    "res_path":"*\\Thunder*\\*ThunderIM*"
                },
                {
                    "montype":1,
                    "action_type":5,
                    "res_path":"*\\Thunder*\\*ThunderXWeb*"
                },
                {
                    "montype":2,
                    "action_type":5,
                    "res_path":"*\\Thunder*\\*ThunderXWeb*"
                },
                {
                    "montype":1,
                    "action_type":2,
                    "res_path":"*\\Thunder*\\*VipPayCenter*"
                },
                {
                    "montype":1,
                    "action_type":2,
                    "res_path":"*\\Thunder*\\*VipRenewButton*"
                },
                {
                    "montype":1,
                    "action_type":5,
                    "res_path":"*\\Thunder*\\*plugin-*"
                },
                {
                    "montype":2,
                    "action_type":5,
                    "res_path":"*\\Thunder*\\*plugin-*"
                },
                {
                    "montype":1,
                    "action_type":2,
                    "res_path":"*\\Thunder*\\*Centertip*"
                },
                {
                    "montype":1,
                    "action_type":5,
                    "res_path":"*\\app\\plugins\\>.zip>"
                },
                {
                    "montype":2,
                    "action_type":5,
                    "res_path":"*\\app\\plugins\\>.zip>"
                },
                {
                    "montype":1,
                    "action_type":5,
                    "res_path":"*\\Thunder*\\*AdData*"
                },
                {
                    "montype":2,
                    "action_type":5,
                    "res_path":"*\\Thunder*\\*AdData*"
                },
                {
                    "montype":1,
                    "action_type":5,
                    "res_path":"*\\Thunder*\\XLGame*"
                },
                {
                    "montype":2,
                    "action_type":5,
                    "res_path":"*\\Thunder*\\XLGame*"
                },
                {
                    "montype":2,
                    "action_type":5,
                    "res_path":"HKEY_CLASSES_ROOT\\xmp>"
                },
                {
                    "montype":2,
                    "action_type":5,
                    "res_path":"*\\SOFTWARE\\Classes\\xmp>"
                },
                {
                    "montype":1,
                    "action_type":5,
                    "res_path":"*\\Local\\>XMP>"
                },
                {
                    "montype":2,
                    "action_type":5,
                    "res_path":"*\\Local\\>XMP>"
                },
                {
                    "montype":1,
                    "action_type":5,
                    "res_path":"*\\LocalLow\\>XMP>"
                },
                {
                    "montype":2,
                    "action_type":5,
                    "res_path":"*\\LocalLow\\>XMP>"
                },
                {
                    "montype":1,
                    "action_type":5,
                    "res_path":"*\\Roaming\\>XMP>"
                },
                {
                    "montype":2,
                    "action_type":5,
                    "res_path":"*\\Roaming\\>XMP>"
                },
                {
                    "montype":1,
                    "action_type":5,
                    "res_path":"*\\ProgramData\\>XMP>"
                },
                {
                    "montype":2,
                    "action_type":5,
                    "res_path":"*\\ProgramData\\>XMP>"
                },
                {
                    "montype":1,
                    "action_type":5,
                    "res_path":"*\\Thunder*\\*InstallXL*"
                },
                {
                    "montype":2,
                    "action_type":5,
                    "res_path":"*\\Thunder*\\*InstallXL*"
                },
                {
                    "montype":0,
                    "action_type":16,
                    "res_path":"*\\Thunder*\\*XLServicePlatform*"
                },
                {
                    "montype":1,
                    "action_type":5,
                    "res_path":"C:\\>迅雷>"
                },
                {
                    "montype":2,
                    "action_type":5,
                    "res_path":"C:\\>迅雷>"
                },
                {
                    "montype":0,
                    "action_type":16,
                    "res_path":"*\\Thunder*\\*xlbrowser*"
                }
            ]
        },
        {
            "id":16,
            "power":1,
            "name":"阻止阿里巴巴流氓行为",
            "procname":"*",
            "treatment":3,
            "policies":[
                {
                    "montype":1,
                    "action_type":5,
                    "res_path":"*\\Program Files>\\>Alibaba>"
                },
                {
                    "montype":2,
                    "action_type":5,
                    "res_path":"*\\Program Files>\\>Alibaba>"
                },
                {
                    "montype":1,
                    "action_type":5,
                    "res_path":"*\\Local\\>Alibaba>"
                },
                {
                    "montype":2,
                    "action_type":5,
                    "res_path":"*\\Local\\>Alibaba>"
                },
                {
                    "montype":1,
                    "action_type":5,
                    "res_path":"*\\LocalLow\\>Alibaba>"
                },
                {
                    "montype":2,
                    "action_type":5,
                    "res_path":"*\\LocalLow\\>Alibaba>"
                },
                {
                    "montype":1,
                    "action_type":5,
                    "res_path":"*\\Roaming\\>Alibaba>"
                },
                {
                    "montype":2,
                    "action_type":5,
                    "res_path":"*\\Roaming\\>Alibaba>"
                },
                {
                    "montype":1,
                    "action_type":5,
                    "res_path":"*\\ProgramData\\>Alibaba>"
                },
                {
                    "montype":2,
                    "action_type":5,
                    "res_path":"*\\ProgramData\\>Alibaba>"
                },
                {
                    "montype":1,
                    "action_type":5,
                    "res_path":"*\\Program Files>\\>alipay>"
                },
                {
                    "montype":2,
                    "action_type":5,
                    "res_path":"*\\Program Files>\\>alipay>"
                },
                {
                    "montype":1,
                    "action_type":5,
                    "res_path":"*\\Local\\>alipay>"
                },
                {
                    "montype":2,
                    "action_type":5,
                    "res_path":"*\\Local\\>alipay>"
                },
                {
                    "montype":1,
                    "action_type":5,
                    "res_path":"*\\LocalLow\\>alipay>"
                },
                {
                    "montype":2,
                    "action_type":5,
                    "res_path":"*\\LocalLow\\>alipay>"
                },
                {
                    "montype":1,
                    "action_type":5,
                    "res_path":"*\\Roaming\\>alipay>"
                },
                {
                    "montype":2,
                    "action_type":5,
                    "res_path":"*\\Roaming\\>alipay>"
                },
                {
                    "montype":1,
                    "action_type":5,
                    "res_path":"*\\ProgramData\\>alipay>"
                },
                {
                    "montype":2,
                    "action_type":5,
                    "res_path":"*\\ProgramData\\>alipay>"
                },
                {
                    "montype":2,
                    "action_type":5,
                    "res_path":"*@alipay*"
                },
                {
                    "montype":2,
                    "action_type":5,
                    "res_path":"*alieditplus*"
                },
                {
                    "montype":1,
                    "action_type":5,
                    "res_path":"*\\AliWangWang\\*alicert*"
                },
                {
                    "montype":2,
                    "action_type":5,
                    "res_path":"*\\AliWangWang\\*alicert*"
                },
                {
                    "montype":1,
                    "action_type":5,
                    "res_path":"*\\AliWangWang\\*aliedit*"
                },
                {
                    "montype":2,
                    "action_type":5,
                    "res_path":"*\\AliWangWang\\*aliedit*"
                },
                {
                    "montype":1,
                    "action_type":5,
                    "res_path":"*\\AliWangWang\\*pc-sdk-setup*"
                },
                {
                    "montype":2,
                    "action_type":5,
                    "res_path":"*\\AliWangWang\\*pc-sdk-setup*"
                },
                {
                    "montype":1,
                    "action_type":5,
                    "res_path":"*\\AliWangWang\\*wwbizsrv*"
                },
                {
                    "montype":2,
                    "action_type":5,
                    "res_path":"*\\AliWangWang\\*wwbizsrv*"
                },
                {
                    "montype":1,
                    "action_type":5,
                    "res_path":"*\\AliWangWang\\*DeleteNPPlugin*"
                },
                {
                    "montype":2,
                    "action_type":5,
                    "res_path":"*\\AliWangWang\\*DeleteNPPlugin*"
                },
                {
                    "montype":1,
                    "action_type":5,
                    "res_path":"*\\AliWangWang\\*Fixaliww*"
                },
                {
                    "montype":2,
                    "action_type":5,
                    "res_path":"*\\AliWangWang\\*Fixaliww*"
                }
            ]
        }
    ]
}